prox_angle,distal_angle
8.137702700154035e-06,-0.015816475971393025
-0.0015632492290215665,-0.01581610142772165
-0.0031347541252660515,-0.01581592906869445
-0.00470625929762288,-0.015815756055073092
-0.006277764740975049,-0.015815582396750353
-0.007849270455215083,-0.015815408103528293
-0.009420776440210077,-0.01581523318512426
-0.010992282695801985,-0.0158150576511726
-0.01256378922180811,-0.01581488151122376
-0.014135296018021609,-0.015814704774742245
-0.01570680308421195,-0.01581452745111074
-0.017278310420125488,-0.015814349549627005
-0.018849818025485764,-0.01581417107950316
-0.02042132589999421,-0.015813992049869045
-0.021992834043330467,-0.015813812469768877
-0.023564342455152862,-0.01581363234816378
-0.02513585113509894,-0.01581345169392882
-0.02670736008278592,-0.015813270515857403
-0.02827886929781104,-0.01581308882265767
-0.02985037877975217,-0.01581290662295391
-0.03142188852816814,-0.0158127239252877
-0.03299339854259921,-0.015812540738116235
-0.03456490882256756,-0.015812357069813338
-0.03613641936757762,-0.01581217292867057
-0.03770793017711663,-0.015811988322895588
-0.03927944125065493,-0.0158118032606139
-0.04085095258764647,-0.015811617749869177
-0.04242246418752918,-0.015811431798622416
-0.043993976049725436,-0.01581124541475202
-0.04556548817364238,-0.015811058606056506
-0.04713700055867232,-0.015810871380251657
-0.0487085132041933,-0.015810683744973884
-0.050280026109569165,-0.015810495707777233
-0.05185153927415034,-0.015810307276136238
-0.05342305269727389,-0.01581011845744687
-0.05499456637826396,-0.01580992925902366
-0.05656608031643229,-0.015809739688103897
-0.05813759451107846,-0.01580954975184433
-0.05970910896149021,-0.01580935945732463
-0.06128062366694398,-0.015809168811546353
-0.06285213862670502,-0.01580897782143396
-0.06442365384002777,-0.01580878649383484
-0.06599516930615663,-0.01580859483551949
-0.06756668502432557,-0.015808402853181757
-0.06913820099375904,-0.015808210553441737
-0.07070971721367193,-0.015808017942843026
-0.07228123368327023,-0.015807825027854747
-0.07385275040175103,-0.015807631814872117
-0.07542426736830302,-0.0158074383102165
-0.07699578458210682,-0.015807244520136467
-0.07856730204233495,-0.01580705045080739
-0.08013881974815268,-0.015806856108333284
-0.08171033769871767,-0.015806661498745413
-0.08328185589318095,-0.015806466628005462
-0.0848533743306866,-0.015806271502003102
-0.08642489301037252,-0.015806076126558755
-0.08799641193137023,-0.015805880507424017
-0.08956793109280539,-0.015805684650280035
-0.0911394504937982,-0.015805488560740384
-0.09271097013346331,-0.01580529224435137
-0.09428249001091042,-0.01580509570659059
-0.09585401012524422,-0.015804898952870433
-0.09742553047556493,-0.015804701988536337
-0.0989970510609683,-0.015804504818868442
-0.10056857188054602,-0.015804307449081113
-0.10214009293338577,-0.01580410988432524
-0.10371161421857147,-0.01580391212968775
-0.10528313573518389,-0.015803714190191727
-0.10685465748230033,-0.01580351607079665
-0.108426179458995,-0.015803317776402332
-0.10999770166433949,-0.015803119311844707
-0.11156922409740268,-0.01580292068190014
-0.11314074675725103,-0.01580272189128271
-0.11471226964294874,-0.01580252294464908
-0.11628379275355816,-0.01580232384659424
-0.11785531608813965,-0.015802124601656385
-0.11942683964575192,-0.015801925214313887
-0.12099836342545241,-0.015801725688988882
-0.12256988742629704,-0.01580152603004519
-0.12414141164734083,-0.015801326241792438
-0.12571293608763767,-0.015801126328480984
-0.1272844607462407,-0.01580092629430916
-0.12885598562220282,-0.01580072614341864
-0.1304275107145758,-0.015800525879897512
-0.13199903602241184,-0.01580032550778018
-0.1335705615447624,-0.01580012503104776
-0.13514208728067953,-0.01579992445363008
-0.13671361322921477,-0.01579972377940386
-0.13828513938942066,-0.015799523012194696
-0.13985666576034947,-0.0157993221557776
-0.14142819234105483,-0.01579912121387726
-0.1429997191305903,-0.015798920190168743
-0.1445712461280108,-0.01579871908827804
-0.14614277333237202,-0.015798517911782464
-0.1477143007427308,-0.01579831666484263
-0.14928582835814488,-0.01579811547672468
-0.15085735617767373,-0.015797914224654156
-0.15242888420037845,-0.01579771291190045
-0.15400041242532095,-0.01579751154179917
-0.1555719408515655,-0.015797310117645146
-0.15714346947817773,-0.015797108642688743
-0.15871499830422547,-0.015796907120136143
-0.16028652732877816,-0.015796705553149406
-0.16185805655090735,-0.01579650394484706
-0.16342958596968707,-0.01579630229830515
-0.16500111558419334,-0.015796100616558277
-0.1665726453935045,-0.015795898902598287
-0.16814417539670146,-0.015795697159376444
-0.16971570559286756,-0.015795495389802967
-0.17128723598108872,-0.015795293596748132
-0.17285876656045368,-0.015795091783042777
-0.1744302973300538,-0.015794889951477823
-0.17600182828898323,-0.015794688104806456
-0.1775733594363392,-0.015794486245742277
-0.17914489077122175,-0.015794284376963313
-0.180716422292734,-0.01579408250110826
-0.1822879539999823,-0.01579388062077906
-0.183859485892076,-0.015793678738543468
-0.18543101796812758,-0.015793476856930673
-0.1870025502272535,-0.01579327497843752
-0.1885740826685726,-0.015793073105521856
-0.19014561529120777,-0.015792871240610632
-0.19171714809428525,-0.01579266938609557
-0.19328868107693464,-0.015792467544334304
-0.19486021423828925,-0.01579226571765232
-0.19643174757748602,-0.015792063908340846
-0.1980032810936653,-0.0157918621186604
-0.19957481478597158,-0.01579166035083866
-0.20114634865355277,-0.01579145860707277
-0.20271788269556063,-0.015791256889527778
-0.20428941691115085,-0.015791055200339115
-0.20586095129948287,-0.015790853541610833
-0.20743248585972007,-0.015790651915419514
-0.20900402059102993,-0.01579045032380931
-0.21057555549258364,-0.015790248768797213
-0.2121470905635567,-0.015790047252372305
-0.2137186258031283,-0.015789845776494237
-0.21529016121048186,-0.015789644343095106
-0.21686169678480513,-0.015789442954079285
-0.21843323252528968,-0.015789241611325423
-0.22000476843113112,-0.01578904031668402
-0.22157630450152985,-0.01578883907198091
-0.2231478407356896,-0.015788637879014248
-0.22471937713281898,-0.015788436739557682
-0.22629091369213067,-0.01578823565536039
-0.2278624504128413,-0.015788034628144872
-0.22943398729417228,-0.015787833659610496
-0.231005524335349,-0.015787632751433196
-0.23257706153560104,-0.015787431905262828
-0.23414859889416265,-0.01578723112272786
-0.2357201364102722,-0.01578703040543257
-0.23729167408317223,-0.01578682975495982
-0.23886321191211,-0.015786629172868525
-0.2404347498963369,-0.01578642866069694
-0.24200628803510887,-0.015786228219959775
-0.24357782632768593,-0.01578602785215188
-0.24514936477333285,-0.01578582755874663
-0.24672090337131844,-0.01578562734119569
-0.2482924421209162,-0.015785427200931818
-0.24986398102140395,-0.015785227139366132
-0.2514355200720637,-0.015785027157890354
-0.25300705927218237,-0.015784827257877273
-0.2545785986210506,-0.015784627440678885
-0.2561501381179641,-0.015784427707629934
-0.2577216777622224,-0.01578422806004469
-0.25929321755313023,-0.01578402849922033
-0.26086475748999605,-0.01578382902643541
-0.26243629757213294,-0.015783629642950717
-0.26400783779885806,-0.015783430350008815
-0.26557937816949395,-0.01578323114883521
-0.2671509186833665,-0.015783032040639657
-0.2687224593398063,-0.015782833026613197
-0.2702940001381485,-0.01578263410793121
-0.27186554107773275,-0.01578243528575259
-0.2734370821579029,-0.01578223656122053
-0.2750086233780069,-0.01578203793546185
-0.27658016473739755,-0.015781839409587942
-0.2781517062354316,-0.015781640984696206
-0.2797232478714705,-0.01578144266186665
-0.28129478964487986,-0.015781244442166213
-0.28286633155502955,-0.01578104632664677
-0.28443787360129386,-0.015780848316345908
-0.2860094157830514,-0.015780650412287392
-0.287580958099685,-0.015780452615479394
-0.28915250055058167,-0.015780254926919104
-0.29072404313513317,-0.015780057347588184
-0.2922955858527349,-0.015779859878456006
-0.29386712870278714,-0.015779662520478268
-0.2954386716846937,-0.015779465274598937
-0.297010214797863,-0.015779268141748518
-0.29858175804170806,-0.015779071122844362
-0.3001533014156452,-0.01577887421879391
-0.30172484491909557,-0.01577867743049051
-0.30329638855148466,-0.015778480758816386
-0.30486793231224124,-0.01577828420464245
-0.30643947620079903,-0.015778087768828546
-0.3080110202165954,-0.015777891452221374
-0.3095825643590721,-0.015777695255659512
-0.311154108627675,-0.015777499179968218
-0.3127256530218538,-0.015777303225962897
-0.31429719754106233,-0.015777107394449204
-0.3158687421847584,-0.015776911686221584
-0.3174402869524041,-0.015776716102064468
-0.31901183184346515,-0.0157765206427524
-0.3205833768574118,-0.015776325309050872
-0.32215492199371737,-0.015776130101714025
-0.3237264672518602,-0.015775935021488288
-0.32529801263132174,-0.015775740069110363
-0.3268695581315876,-0.01577554524530643
-0.32844110375214747,-0.01577535055079572
-0.33001264949249465,-0.01577515598628744
-0.33158419535212635,-0.01577496155248209
-0.3331557413305438,-0.01577476725007257
-0.33472728742725194,-0.015774573079742314
-0.3362988336417594,-0.015774379042166747
-0.33787037997357855,-0.01577418513801422
-0.33944192642222587,-0.015773991367943278
-0.3410134729872207,-0.015773797732606655
-0.34258501966808746,-0.015773604232647842
-0.34415656646435333,-0.0157734108687041
-0.3457281133755492,-0.015773217641404217
-0.3472996604012097,-0.01577302455137065
-0.34887120754087353,-0.015772831599217337
-0.3504427547940823,-0.015772638785552934
-0.3520143021603819,-0.0157724461109781
-0.3535858496393207,-0.01577225357608782
-0.3551573972304523,-0.01577206118146841
-0.3567289449333324,-0.015771868927701826
-0.35830049274752085,-0.015771676815362064
-0.3598720406725809,-0.01577148484501847
-0.3614435887080788,-0.015771293017232228
-0.3630151368535851,-0.01577110133256048
-0.36458668510867326,-0.01577090979155338
-0.36615823347292,-0.015770718394754985
-0.367729781945906,-0.015770527142704705
-0.36930133052721476,-0.015770336035934758
-0.3708728792164331,-0.015770145074973367
-0.37244033093417217,-0.016031831466463753
-0.37400025075034626,-0.016775471364202977
-0.37556033725973026,-0.017494965090290967
-0.3771221995414019,-0.018130455430602186
-0.3786767741799412,-0.01918067641078804
-0.38022075225584956,-0.019791568853599374
-0.38178860978278023,-0.02073696984641498
-0.38334801249462225,-0.021423683134060692
-0.38491274184870733,-0.022214869979300955
-0.3864646971531116,-0.022872609845120868
-0.3880137792232063,-0.024058679331857923
-0.3895815582883078,-0.02466177511191932
-0.3911390893288225,-0.025328938010574426
-0.3926642388856009,-0.02630364050114208
-0.3942464868476182,-0.027364519611675842
-0.3957839833785065,-0.02826213292388818
-0.39735162902329174,-0.029013206438880498
-0.3989239839109107,-0.03008098864505455
-0.40045457460764944,-0.030921728202319827
-0.4019918090323227,-0.03117643116903339
-0.4035777981871038,-0.03217131445531228
-0.40513508386234304,-0.03291773192979358
-0.4066485634666982,-0.0338102840531284
-0.4082332222911349,-0.03504471501235875
-0.40975730247300146,-0.03578494214893521
-0.411345336410664,-0.03665941508580377
-0.41283039705979285,-0.03708638658673424
-0.41436104935802004,-0.03754823345954719
-0.4159875685918859,-0.03896112119066986
-0.4174812366547372,-0.0398744724546908
-0.4190211190964122,-0.041160772366452957
-0.42056539810426985,-0.04166808407034749
-0.42216052295217527,-0.04239556985236296
-0.42351540179464653,-0.04329729719505453
-0.42485027363128625,-0.043781473595864075
-0.426394747139312,-0.04543537875714154
-0.42773231700361686,-0.046460691320431166
-0.42908880796185034,-0.04781317498529213
-0.4302780514339864,-0.04844088798038637
-0.43157375868339776,-0.047918367251886036
-0.43288632262327875,-0.048543205907230554
-0.4341272687244469,-0.04943637694848818
-0.4358751482252998,-0.050508566557409824
-0.4374085928449273,-0.05249527868813584
-0.4387683208878835,-0.05290661128435684
-0.4400615189510479,-0.052684198051174795
-0.44140505573393085,-0.0549664947970401
-0.4428844103819333,-0.0568324289972522
-0.4444739760536511,-0.05781637530376398
-0.4460778375220533,-0.05963960641535433
-0.4478084205089072,-0.060175316616310225
-0.44949899321547426,-0.06043099729432263
-0.45074926172241647,-0.061125410681648805
-0.45256734025578044,-0.06684664934792847
-0.45409798535770024,-0.06676448955918769
-0.455451900193119,-0.06695271877369471
-0.4569807567437516,-0.06716776454634711
-0.4587597117266963,-0.06858499485724698
-0.4597592372221818,-0.0691610089944373
-0.4614298609684554,-0.06969093132957582
-0.4629935088986724,-0.07246218161927483
-0.46567263276112486,-0.09059152520683406
-0.46711848151932683,-0.09164578466528392
-0.4687684606830977,-0.09248376057477602
-0.47028025524943745,-0.09354870511686883
-0.47185467769410433,-0.09432811386509499
-0.47359354042504115,-0.095410909216748
-0.4749839273521875,-0.09634389129095669
-0.47639427236427423,-0.09733733138805517
-0.4778488510851542,-0.09845061390386596
-0.479364283612024,-0.09939039258774458
-0.48093835129433693,-0.10048463567570758
-0.48246167249642646,-0.10137090418263474
-0.4840187477606638,-0.10266173215866159
-0.4854788179597899,-0.10373854272163853
-0.4870153694055555,-0.10444704201479586
-0.4885337043083351,-0.10571166668716347
-0.4900843840753426,-0.10606332476290556
-0.4916611518136256,-0.10719461553367704
-0.493163169520344,-0.10881816610222618
-0.4947390493608079,-0.1092564298905016
-0.49620325149728317,-0.11032434604178658
-0.49777707365934404,-0.11111922991234818
-0.4993588151959745,-0.11239589743614085
-0.5008728324894063,-0.11331690718747134
-0.5022926362790293,-0.11446042508600533
-0.5039166732174426,-0.11523809930933127
-0.5056522484260969,-0.11681163498628012
-0.5070733529067442,-0.11782275935176222
-0.5087866019291675,-0.11850504582036803
-0.51019163608196,-0.11958059870444623
-0.5116480769085583,-0.12069830317955195
-0.5134062314903114,-0.12169479954157446
-0.515023729201224,-0.1228311727510686
-0.5166002903705358,-0.12423608279002042
-0.5181122419207945,-0.12541452944281464
-0.5197417308749827,-0.1264258356238041
-0.5211209712349579,-0.12713825124471007
-0.5225576390905581,-0.12877757396868023
-0.5240730371276968,-0.13023704461278565
-0.5256075966485176,-0.131325510889471
-0.527189987280918,-0.1326442693802365
-0.5287360987639016,-0.13348698855296998
-0.530359453521947,-0.13431309568284236
-0.5321437296670977,-0.13572313465313596
-0.5334297146093495,-0.13671631174725568
-0.5350982604346483,-0.138090588733421
-0.5367204535162099,-0.13906987520402067
-0.5383857975895332,-0.1398034030978098
-0.5401629871977558,-0.14056535726078082
-0.5414605507720923,-0.14239451477376044
-0.5432249004485757,-0.14280207640455225
-0.5446812965758636,-0.14477724794282973
-0.5463370255721626,-0.14449388641321853
-0.5476449911251039,-0.14666322869945017
-0.5493738459288954,-0.14777425748635634
-0.5509468562272539,-0.14773696728406852
-0.5522638741125285,-0.149612825670767
-0.553909346714471,-0.1506854945108919
-0.5555922833812732,-0.1510569111619665
-0.5570909224472419,-0.1527907849257416
-0.5586092398107686,-0.1530601236872589
-0.5601845251877726,-0.15448096049782287
-0.5617508189469604,-0.15615331980655753
-0.5633223544510793,-0.15695174813715623
-0.5646630758878416,-0.15870220123102965
-0.5663819957804995,-0.159644450942492
-0.5678271303526784,-0.16053395409673346
-0.5693961593822384,-0.16126847735851352
-0.5709599200721586,-0.16297635621971895
-0.5724363678398267,-0.16480002308438924
-0.5738977235756361,-0.16489514893194102
-0.5755280790250658,-0.16517344265566342
-0.5771948257981853,-0.16554640066242787
-0.5786580449624956,-0.1680292429965877
-0.5801447960264232,-0.1688079160417613
-0.5819439900488759,-0.16852039886925682
-0.5837283128188712,-0.16961919296565225
-0.5848031772403594,-0.17126472865815193
-0.5864773469425069,-0.1721005293665447
-0.588180093994462,-0.17404425697228135
-0.5896770185700969,-0.17473162877086498
-0.5918332227096629,-0.17601088821308475
-0.5933283935118068,-0.17710014383652495
-0.5943831457505326,-0.1787205207990169
-0.5959691339074827,-0.18004032010829715
-0.5976420868864364,-0.18114962258101
-0.5990435973228118,-0.1830415429563973
-0.6003658296326971,-0.18395995121837647
-0.6018945893743133,-0.185283969258102
-0.6036710055392505,-0.1868551522824917
-0.6050744416965843,-0.18744513242840782
-0.6068748525825982,-0.18902435961233663
-0.6080753631536618,-0.19051314677433218
-0.6099402776364122,-0.19181401784122593
-0.61133700320226,-0.19286449356015156
-0.612811087770114,-0.19455825442922411
-0.6144062562007669,-0.1957567752881423
-0.6158798476206052,-0.19688560931314875
-0.6172809222539128,-0.19955122936037656
-0.6187165478120217,-0.1999772162451649
-0.6203677615041686,-0.20159984561788488
-0.6217848704018777,-0.20263469959464464
-0.6233149822625053,-0.20378323693539155
-0.6246647463300723,-0.2057981585390229
-0.6263177166526822,-0.20674211612343513
-0.6278715041849952,-0.20906537016232357
-0.6293750561477223,-0.2102939662201832
-0.6304371432689848,-0.21061787196203213
-0.6319758096958956,-0.21288665170036739
-0.6335005481329177,-0.2140947157773315
-0.6351071989341598,-0.21471432880056354
-0.636735193733465,-0.2157819783237088
-0.6384244465735509,-0.21662392840467196
-0.6398321086730815,-0.21833361502420634
-0.6412781775952339,-0.21994159290557558
-0.6425267045975963,-0.22147029916426472
-0.6443774547615507,-0.22253955416947435
-0.6460149093537226,-0.2235001048931005
-0.6472226770653606,-0.2241229552840659
-0.6485103950050028,-0.2273762374020532
-0.6497764815859786,-0.2282186536377239
-0.6515053117081867,-0.22932600830877514
-0.6528867993777142,-0.2308915231162667
-0.6540234729171017,-0.23155907498121356
-0.6556754242719104,-0.23241449272528497
-0.6571090416528589,-0.23337666116456962
-0.6583561031274565,-0.2353762777929463
-0.6596134804369601,-0.23727749566927397
-0.6610402070189398,-0.23817427562962618
-0.6623488411390377,-0.2394573565028968
-0.6634401116768712,-0.24196686812939075
-0.6651253679719039,-0.24204006385674134
-0.6663837360655109,-0.24328849726296226
-0.6683737055675865,-0.24402725843179035
-0.6699398790335968,-0.2459254681599298
-0.6710702268595683,-0.24773125993341719
-0.6719165723247682,-0.24834784972319285
-0.6739296389504054,-0.25023251795899665
-0.675156801655755,-0.2517096364647312
-0.6767085412691703,-0.2522602296713923
-0.6790492637625981,-0.25438045111752444
-0.6797072399254392,-0.25595593189347293
-0.6816939351058364,-0.25885894600485415
-0.6827536219551424,-0.260910108655987
-0.6845084711660573,-0.2616656328880765
-0.6862484207020155,-0.2637871836636872
-0.6878103581229359,-0.26525447158002147
-0.6889505056638268,-0.2659106246820111
-0.6906417091812952,-0.2671785023816671
-0.6912604707376879,-0.2685429993566852
-0.6926776099773493,-0.2689660381308056
-0.6947317803163174,-0.26956239133699567
-0.6960034887455105,-0.270218422645734
-0.6970371487572817,-0.2718306651469055
-0.699110071134198,-0.2735193906592518
-0.7003419156881975,-0.27556761678649017
-0.7025529553683233,-0.27838726285259535
-0.7040794301283461,-0.27952442431705793
-0.705325237952054,-0.28259147784245886
-0.7070006817044484,-0.28403475982420007
-0.7081078919515381,-0.28506170140952625
-0.7097234765985106,-0.2874068010795115
-0.7113850262190147,-0.2883878196498986
-0.7125831102077804,-0.28996805075016147
-0.7141963929923321,-0.2933515131903717
-0.715322943981614,-0.29437946811955734
-0.7164283481608466,-0.29507237991288027
-0.717723287163596,-0.2962112062662415
-0.7190105263091928,-0.2979536590005358
-0.7201527320781731,-0.29997684994654866
-0.7220992827149442,-0.29924268756066424
-0.7239571243679918,-0.30285791198757056
-0.7250989417004123,-0.303921582715412
-0.72595262899015,-0.30417270880935754
-0.727063424928155,-0.3047212177900722
-0.7291854019612068,-0.3064055391312305
-0.7303982852264085,-0.3065393024748912
-0.7314230101068948,-0.3075058968799262
-0.7321031377071446,-0.30772973808778636
-0.7346231436233588,-0.31063339803937473
-0.7358578167012944,-0.31093099242202743
-0.736887232290981,-0.31214111043506065
-0.7389718536699558,-0.31477061876435924
-0.7395592657168344,-0.3156748793441194
-0.7406736659130785,-0.31657503832058165
-0.7430808657876661,-0.3204936414169001
-0.7445975966033943,-0.32393845138369287
-0.7458667180816028,-0.3252966680792419
-0.7465494445755758,-0.3269983707092891
-0.7473147920060842,-0.3308352209831199
-0.7484094871674396,-0.3317206164811846
-0.7504667921077042,-0.33453649661250323
-0.7513250768424395,-0.33566764704779345
-0.7528968603104965,-0.3397963147451908
-0.7548674530323111,-0.3429396633470212
-0.7553893893300644,-0.34328611292480693
-0.7580482306142604,-0.34824583982111484
-0.7588226466561665,-0.3500579311976451
-0.7601334250323621,-0.35177580038899015
-0.760987136172006,-0.3529108854471233
-0.7635522837953577,-0.3593814310216079
-0.7649936123792926,-0.3609734087113604
-0.7655760054169182,-0.36037458947980544
-0.7688040340275258,-0.37458716194700076
-0.7708511687806708,-0.37723885668666113
-0.7720623989353542,-0.37826905273849515
-0.7749479432606815,-0.3902581807896768
-0.7775271595805041,-0.39617433777581085
-0.7788979625655157,-0.396347017942778
-0.7801021637417362,-0.39867101645717673
-0.7809164916391343,-0.39990215275888946
-0.7820248533178799,-0.4009375371602701
-0.7833509904792529,-0.40315783235617775
-0.7838912658408946,-0.40755944815136075
-0.7853595377675369,-0.4099762645769923
-0.7857285567871638,-0.4126929745555124
-0.7882655609549105,-0.41448408371383966
-0.7903485528074435,-0.4223216381707844
-0.7908582339193689,-0.4223639340265273
-0.7938214976120008,-0.43193400184063463
-0.7949479803675991,-0.4357153681166681
-0.7958185513185129,-0.43791251911690654
-0.798889846581395,-0.4434372694651883
-0.8010621229297534,-0.4464142540184279
-0.8026482047731374,-0.44807859645412645
-0.8046185608060592,-0.4521517896723865
-0.8097414573960331,-0.4647728110916506
-0.8106667365223188,-0.46576427991945296
-0.8118173609878044,-0.46663625775529605
-0.8137604493292284,-0.46839971424736737
-0.8150781977955955,-0.4689853184250908
-0.8195374123688415,-0.47058555328663837
-0.8231660509072609,-0.4700498861647952
-0.8242949245500242,-0.4708151071359282
-0.8250744205208997,-0.4701854036778933
-0.826379392477951,-0.46955311486725354
-0.8279094851100898,-0.46960756855164065
-0.8289153438735878,-0.4698400127720164
-0.8300474981364783,-0.47050918264701497
-0.8314637719903741,-0.4697646726185334
-0.8327312934425054,-0.470564478009551
-0.8336557260617098,-0.4711072712006464
-0.8344046209057524,-0.4715454402985161
-0.8358520868761182,-0.4721778069540816
-0.8371399796695926,-0.4725839956223778
-0.8390551802181813,-0.4736466460297856
-0.8398826992533124,-0.473567331572528
-0.8410158906217682,-0.4741467458265672
-0.8433149099278215,-0.4752688756059326
-0.8446782564161782,-0.47450460185916776
-0.8450543572736149,-0.4746058452089828
-0.8462577947705756,-0.4740383675979797
-0.8472015604990604,-0.47427252806861536
-0.8483263437491423,-0.4733660293413154
-0.8500490516278294,-0.4735281216071751
-0.8507854573504047,-0.4750591663214096
-0.8519241413600877,-0.47422263013144067
-0.8526207822332413,-0.47530982365797697
-0.8542863878159079,-0.4766534750523214
-0.8551680276881691,-0.4769735051794939
-0.8564323716122996,-0.4798050446979444
-0.8589940513536911,-0.48098929936481205
-0.861089254445655,-0.4838620273455232
-0.8623544611478754,-0.482601912734575
-0.864279662734507,-0.48262773474630527
-0.8652027731080616,-0.48462080093394194
-0.8660199232065096,-0.4864050397394282
-0.8672851775043215,-0.48664781829558856
-0.8684210299928632,-0.4878670976078854
-0.8716760275168578,-0.4894708311427978
-0.8717909536148188,-0.4896940138464828
-0.8742878469620583,-0.4933756035899552
-0.8750602715929517,-0.49487335195835164
-0.8779142435409328,-0.5038945227802516
-0.8795366393415583,-0.5070870386996471
-0.8800266493242986,-0.5077405442263531
-0.881814083000096,-0.5102243887894615
-0.8840009990777562,-0.5120349076908625
-0.8848724268299049,-0.5125787690503938
-0.8866113401885012,-0.5160045734955923
-0.8877463527501227,-0.5171986377414821
-0.8886396928115011,-0.5185798381447878
-0.889557722854624,-0.5197890539245867
-0.8911477057577549,-0.5221911894769727
-0.893689268335343,-0.5246177902914425
-0.8947199576470756,-0.5267146047324344
-0.9006082891739472,-0.5337407389732958
-0.9009446751045185,-0.532896730786335
-0.9014728225277417,-0.5332785086687718
-0.9018519363759032,-0.5331276178572384
-0.9023885013917871,-0.5333708289741479
-0.9034905846570088,-0.5335458143367395
-0.9045553174058741,-0.5341358518113883
-0.9057149708234717,-0.5346175831422247
-0.9062230221285437,-0.5347809374883934
-0.9072542858394536,-0.5353488734803562
-0.9092083553369876,-0.5369675022017503
-0.91803443757567,-0.5407982047422354
-0.9187153986100013,-0.5411050495627708
-0.922915354752949,-0.5432363042313673
-0.9238884347833852,-0.5430599839829758
-0.9266251059297566,-0.5443888201860076
-0.9284870923314844,-0.5448281126383548
-0.929665506783174,-0.544431467922653
-0.9313057482264513,-0.5451519561189806
-0.9325443667126243,-0.5453031364503415
-0.9331506891840164,-0.5457013421212157
-0.9345129814828818,-0.5484359254483241
-0.9350131076400006,-0.5490202536356358
-0.938388957360785,-0.5513700268863935
-0.9408921862952015,-0.5530618934716224
-0.9441491812199646,-0.5544729287995989
-0.9460676126159645,-0.5544845701204418
-0.9475155286868562,-0.5549742518842817
-0.9494947452186827,-0.5563616417406715
-0.9514549222722501,-0.5574801512130985
-0.9531525897248493,-0.5576214411712147
-0.9535731898469786,-0.5573372867065938
-0.9552501595214811,-0.5579995983767404
-0.9565805505957076,-0.5583676633164235
-0.9579069386972415,-0.5588525758230133
-0.9592560984961674,-0.5592641726947971
-0.9605167352087449,-0.5599499815676233
-0.9612708906628866,-0.5600902588371127
-0.9625930668348583,-0.5604245479357378
-0.9632650350178253,-0.5605329670173994
-0.9649753947359005,-0.5608195423824508
-0.9661543913458686,-0.5615194973218698
-0.966546718095118,-0.5616803353588004
-0.9671435818573484,-0.5617985762997548
-0.9690661906351298,-0.5620217269778616
-0.9722614689330003,-0.5636013306017646
-0.972729234294437,-0.5637636273220752
-0.9734463778385608,-0.5639025213250856
-0.9753899099860981,-0.5649048938325939
-0.9797308580181777,-0.5704137593228437
-0.9822046932163944,-0.571613436998104
-0.9859909048282148,-0.5735062893485313
-0.9865035774292225,-0.5738738763573565
-0.9876305776407094,-0.5740619093482895
-0.990112890925775,-0.5753863685664664
-0.9923890494921959,-0.5776726594147553
-0.9950625370070628,-0.5808886220036749
-0.9967410948369714,-0.5813706082241097
-1.0012919534202644,-0.5823421388561882
-1.002195202832288,-0.5825942159379518
-1.0041769276727543,-0.5830619830134157
-1.0064230109408643,-0.5834730703886317
-1.0077471401796434,-0.5836881559242603
-1.008819178602196,-0.5838393389352817
-1.010024341681397,-0.583992846831193
-1.0104521989034732,-0.5840120813371296
-1.01443999793511,-0.5851948388056015
-1.0159242782125755,-0.5853957234782875
-1.017178526352443,-0.5855155134452885
-1.018365437079828,-0.5854949164840286
-1.0206768652457399,-0.5862548736902722
-1.0214840716600437,-0.5863206889081163
-1.0234815434567948,-0.5870172667253095
-1.025230588546175,-0.5869999917834783
-1.0269101209178912,-0.587469024212698
-1.0287212764034521,-0.5880113269013153
-1.0298966633940037,-0.5879952483509473
-1.0329420437042647,-0.5891863540846856
-1.034033833576664,-0.5892457783055373
-1.0355892661533868,-0.5894998561782572
-1.0368281378468107,-0.5895251484150847
-1.0382512617807353,-0.5897877433923046
-1.0403311478174067,-0.5903869594615494
-1.042349163214576,-0.5905398503547457
-1.0444785665321674,-0.590924083666599
-1.045776340280502,-0.5909537158419909
-1.0473816246495669,-0.5909272589704662
-1.048644959696722,-0.591546739364888
-1.0503151323367423,-0.5915769703555338
-1.0519017692378503,-0.5905539634055937
-1.0538141427440724,-0.5907802555558253
-1.0545777535277805,-0.5904146995119823
-1.055504490516563,-0.5904332207262857
-1.058508721467179,-0.5915368672441126
-1.0597272725401636,-0.591569082592885
-1.0608238642602572,-0.5912890775278503
-1.0627586965253966,-0.5912917564062912
-1.0643564939557264,-0.5915726920648853
-1.065196770233495,-0.5915793243155842
-1.0665381045725981,-0.5915200934774819
-1.0686239770118664,-0.5921734005265624
-1.0700054543336084,-0.5927544823072779
-1.0730759644485963,-0.5929054917879618
-1.0740400137893427,-0.5931235809739641
-1.0750857254598345,-0.5932425490094898
-1.0761310829425388,-0.5932435676622734
-1.0773846680329708,-0.5935325476150031
-1.0787464881051134,-0.5933319891021853
-1.0810230750064918,-0.5939066690903206
-1.0830771938408168,-0.5937169123008303
-1.0845621257729547,-0.5947009410966227
-1.0865927163462168,-0.5948505163227727
-1.087741053500467,-0.594832842351401
-1.0901661729139118,-0.5949683032587804
-1.0912197324180137,-0.5949747803425964
-1.0932409226695536,-0.5957061696010972
-1.0948880773162835,-0.5956930956660907
-1.0964739747571002,-0.5959293062861684
-1.0975896920516668,-0.5960522048646087
-1.0994998604316824,-0.5961997597936936
-1.1011778324783257,-0.5965126066809853
-1.1029201464116294,-0.5967609328509056
-1.1051212192379563,-0.5971139585366168
-1.1064057259586586,-0.5972042851959899
-1.10816412090565,-0.5976218159501668
-1.109922754696767,-0.5979492049793815
-1.1119154766927044,-0.5982370675886258
-1.1131744344611068,-0.5982610972616643
-1.1150835421118783,-0.5983334944218852
-1.1167882383639034,-0.5992203419827156
-1.1189492360634345,-0.5995992165669434
-1.1211778338211404,-0.5995433095263645
-1.122128696141883,-0.5995832797819373
-1.1249992421412245,-0.5999960728690957
-1.126071727909987,-0.6000356786166564
-1.1283331850238185,-0.6000254310523774
-1.1295588589895977,-0.6003147826126563
-1.1316512194816502,-0.6007360724567583
-1.1328872177045533,-0.6008606570090501
-1.1331720128767149,-0.6008814092298469
-1.1373643926065515,-0.6011464273197503
-1.137930778513733,-0.601254852746361
-1.1383996334335043,-0.6011508057348938
-1.1399978458366113,-0.6013408420168946
-1.1416410450455368,-0.6015170633097894
-1.1439569056854957,-0.6019163011485443
-1.1457685656067065,-0.6020640499527058
-1.1464097221971534,-0.6020035647351918
-1.1484311562629521,-0.6023540031047722
-1.1536589373960457,-0.5999801461416653
-1.1540473620493095,-0.5996342299956804
-1.1559795713841357,-0.5997177876415871
-1.1572379312428263,-0.5996271491592103
-1.1576770061828254,-0.5992154147811858
-1.1586937449875723,-0.5989247367926136
-1.160539817626984,-0.5986123192738901
-1.1617939650555043,-0.5989549543391786
-1.1628907918999942,-0.5994959569781504
-1.165331255818546,-0.5995207118883613
-1.1680864339670878,-0.5986536562298899
-1.1693853384075767,-0.5999385072741467
-1.1720756056632236,-0.5996461690345888
-1.173252887002449,-0.6000063681801789
-1.1758122585104942,-0.5988634265341033
-1.176953016692708,-0.5993817214546999
-1.1782950281898608,-0.599696114171131
-1.1804050191878586,-0.5985306598992572
-1.180965063463215,-0.5986114671129616
-1.1856720261462044,-0.5972046416246285
-1.1864576856752458,-0.5968969871731331
-1.186676071264376,-0.596800327830306
-1.18739488990952,-0.59659340413591
-1.1902488712066077,-0.5959137578342403
-1.1908119499558072,-0.5960411970692591
-1.1923691100261555,-0.5961161552282901
-1.194648083471091,-0.5956949223318577
-1.1957788914462035,-0.5961894865715807
-1.1996317636078018,-0.5955683731016309
-1.2001172439533434,-0.5953947313232157
-1.2014741559292197,-0.5951598214732327
-1.201757957691708,-0.595183091669888
-1.2032993240963819,-0.5954923057520217
-1.2038537646251002,-0.5955279390750109
-1.204732262601867,-0.5954944935519082
-1.206767083248195,-0.5952747908134336
-1.207946979222346,-0.5950057081605453
-1.2105671404460896,-0.5951920514640634
-1.2123020973891747,-0.5953681687149462
-1.212951331254896,-0.5952052340873805
-1.2148200132772422,-0.5956212237892838
-1.2163957644386871,-0.5957099848484848
-1.2176704073565596,-0.5957902577170195
-1.2195438018535723,-0.5959678653473037
-1.221066617286543,-0.596101845591257
-1.2232228520312292,-0.5961348663718441
-1.2250424069541785,-0.5961491403774783
-1.226637320201498,-0.5964228604410458
-1.2301443001088628,-0.5956659711810395
-1.2318079300681641,-0.5954016211345244
-1.232762515880955,-0.5954851945826802
-1.235074535629411,-0.5947499882629802
-1.2387047015905908,-0.5930873320799499
-1.2391951750052042,-0.5931594253461014
-1.2399433651364016,-0.5934507564657483
-1.241393059307986,-0.5932570428251724
-1.2428674378060975,-0.5929374676699483
-1.24391646655103,-0.5927498276571481
-1.2469852210248324,-0.5937724137935887
-1.2480332711143303,-0.5938120943134073
-1.2495021690369947,-0.5939158187063512
-1.2510712412123839,-0.5935826678061537
-1.252134417498982,-0.5933638656555364
-1.2530432958868718,-0.5934142362714988
-1.2547480853179225,-0.5928850263058206
-1.257214034337924,-0.5920136187368754
-1.2578355276059012,-0.5921122952921136
-1.2590915127505535,-0.5921722250322446
-1.261086136417409,-0.5916708863130995
-1.262156033310155,-0.5916765727007443
-1.2640416226407476,-0.5908206175046958
-1.2660715272133152,-0.5902495415600373
-1.2674129095209614,-0.5904974518192267
-1.268969990295455,-0.5900454812305647
-1.2700592746498551,-0.5900089756390193
-1.2707961709451119,-0.5900513688893116
-1.2719159159224673,-0.5899481361357926
-1.273836333987608,-0.5895609321687115
-1.2752726938341765,-0.5905392884322688
-1.276823399852282,-0.5902844037494845
-1.278698769246735,-0.5904824641043374
-1.2803412803203837,-0.5897233944706425
-1.281735992537343,-0.590266020243017
-1.2831657616364214,-0.5902918879561605
-1.2848675486874686,-0.5898411519819574
-1.2860861323626136,-0.589892111508459
-1.2879053318795686,-0.5898006813913684
-1.2892191166082205,-0.5890690913476841
-1.291187547767002,-0.5887882749559793
-1.2924363297653088,-0.5893952835528304
-1.294212837063458,-0.5894429642039385
-1.2950469719596944,-0.5892847636964474
-1.2972917927696168,-0.5893832357935863
-1.2987647599546162,-0.5889329754167294
-1.3004472582468865,-0.5892801421964221
-1.3014712008366645,-0.5888567711506495
-1.3029847129775352,-0.5888297960483252
-1.3047461171623291,-0.5895965846399485
-1.3066595776617382,-0.5891260184687692
-1.3081350788942452,-0.5884871557821815
-1.3099440269042135,-0.5881387484072792
-1.3112406064204545,-0.5877710513057007
-1.3124962942716913,-0.587333134765965
-1.3146821719466857,-0.5886824224275874
-1.3155009521406746,-0.5878298358479004
-1.3171785541196308,-0.5878597386453677
-1.319119354206583,-0.5885216268236798
-1.3207093397404328,-0.5886753007476668
-1.3218625335440781,-0.588677991567858
-1.3234174465786763,-0.5884895523034784
-1.3255268259965467,-0.5883804759018368
-1.326726987325829,-0.5876055226767273
-1.3284773932297576,-0.5873115377041118
-1.3308681002558755,-0.5883357329219033
-1.332173270729885,-0.5883052369984276
-1.3331377641195008,-0.5884238897421715
-1.3353217236599102,-0.5883602164781832
-1.337107167083237,-0.5879099396061522
-1.3386493331687623,-0.5879290392780933
-1.3401728324601228,-0.5885044085649778
-1.3414415266660982,-0.5884203388745678
-1.3427720147774684,-0.5877102935279437
-1.3446700080733278,-0.5878974405820929
-1.3465259441475927,-0.5879718823060549
-1.3481440301328542,-0.5873428979123555
-1.3500767588422182,-0.5867696538151491
-1.3515472614597364,-0.5877252687622241
-1.3528491901274649,-0.5873396392076233
-1.354450438034841,-0.5869143147172505
-1.3559689047898544,-0.5870260345702698
-1.3578678124585595,-0.5866030546385899
-1.3590827424707592,-0.587209600009358
-1.3607147394657493,-0.5870577936405648
-1.3618385701227889,-0.587335409589254
-1.3640316439223408,-0.5861717323925094
-1.3657595260599393,-0.5855146635069653
-1.3672304925822607,-0.5859660228798675
-1.3685662173908586,-0.5864658570648118
-1.3702142553316263,-0.5861749567367084
-1.3718795566734074,-0.586546053012086
-1.373823628001667,-0.5865344776017248
-1.3749024056886234,-0.5864372051297199
-1.3764787753092906,-0.5864950648806607
-1.3780867854603467,-0.5855453460357333
-1.3798309966128566,-0.5855282014289346
-1.3814577131947983,-0.5852462765400342
-1.3831017478772525,-0.5851506117207603
-1.3847495291557723,-0.584418695760637
-1.3864372271576952,-0.5836212687350928
-1.3881096555108596,-0.5837790423192898
-1.3894463744560304,-0.5832645902484385
-1.3913558949017226,-0.5826076680189249
-1.3928177754685338,-0.5824420922484854
-1.3938211667742595,-0.5825056651359153
-1.3957683573782722,-0.5820456588689876
-1.3968928702373322,-0.5826349070511195
-1.3981119568544915,-0.5823071726005709
-1.399029661454845,-0.5818888261945994
-1.4016718156816537,-0.5820002132722165
-1.4027302100406636,-0.5810774667902379
-1.404832079034011,-0.581399125630839
-1.4055849792368609,-0.5814060755993798
-1.4075356542245399,-0.581895402176111
-1.4097291054997714,-0.5831926600295396
-1.410970801547148,-0.5824624680208206
-1.412463387849097,-0.5821305954814595
-1.4134720701263086,-0.5812541878412798
-1.4155047959675071,-0.5816253330171444
-1.4168264585740618,-0.582304493349654
-1.4181682915204712,-0.5817381627816247
-1.4192367416330771,-0.5808055386684603
-1.4213554743562313,-0.5811418971940387
-1.4231843582496972,-0.5805991070251526
-1.425176937418282,-0.580195423334181
-1.4264364564780654,-0.580902431421183
-1.4272714585447237,-0.5804849253071734
-1.4297347570060186,-0.5775474432423946
-1.4316905918338565,-0.578230753225647
-1.4323552915443554,-0.5783805058119498
-1.4346261087326202,-0.5775324727107392
-1.4360532676065767,-0.5783903825407559
-1.4377047147559816,-0.5777632377243519
-1.4393567443322126,-0.5769820897392445
-1.4409335427140353,-0.5760519411033803
-1.4418973966356312,-0.5762662189045049
-1.4433401375115147,-0.5759838830891861
-1.4441500332153057,-0.5756216052209773
-1.4464419267620565,-0.5748347230383096
-1.447250339325415,-0.575569393517648
-1.4481450178154702,-0.5755056355672169
-1.4490883627875475,-0.5752910813879663
-1.4505237482243987,-0.575857116228923
-1.4534333695518695,-0.5759770600921787
-1.4542515248279053,-0.5771170692389025
-1.4549645251249534,-0.5772534493761864
-1.4562264835398409,-0.5774699367473706
-1.457538043400482,-0.5770317610601524
-1.460625922116823,-0.5769677483575288
-1.461194273090881,-0.5772583904883495
-1.462232102694473,-0.576863099293733
-1.4642103071861614,-0.5765931071381453
-1.4643165144930967,-0.576420093156908
-1.4665000851376135,-0.5765657215845494
-1.468370452674413,-0.5771003699970682
-1.4711406870497055,-0.5765018034584989
-1.474378903546033,-0.5767574272980845
-1.476640344211761,-0.5760942714521599
-1.47893247681309,-0.5747819381137218
-1.4798348247215156,-0.5751492621130159
-1.4811785989261568,-0.5750382803999092
-1.482428023597873,-0.5768494884652445
-1.484480015363573,-0.5770483564863601
-1.4873494585870297,-0.5761534401470297
-1.4880142068918525,-0.5761210077533041
-1.490279553297749,-0.5755107059679865
-1.491434034013919,-0.5753976364546094
-1.49417227480868,-0.5748855742979726
-1.4954010738923929,-0.574643335469323
-1.497951878166041,-0.5737761297212662
-1.4989380615575918,-0.573937104677579
-1.5011778726852307,-0.5738652008676859
-1.5027714473494806,-0.5734423825779518
-1.5037021233796375,-0.5737865929319681
-1.5052700530627476,-0.5741640989625094
-1.5055058532636045,-0.5743424413717966
-1.5062667368311211,-0.5741863070553979
-1.5084297402064373,-0.5736233673819389
-1.5102615604291048,-0.5733374949989566
-1.5118633989166494,-0.5737287005200532
-1.513228234228504,-0.5735755289294577
-1.5144881923711049,-0.573528055937725
-1.514788141135914,-0.5734108747590028
-1.5176658774613052,-0.5732628846645351
-1.5177962595546555,-0.5729950489313927
-1.519337075272019,-0.5727896510715835
-1.5203733823141194,-0.5724819048580965
-1.522987711174205,-0.5724988886281399
-1.5230272048465234,-0.5724911489722639
-1.5263370183187779,-0.5718194937751145
-1.5282204145768672,-0.5719511421813307
-1.5308950241524737,-0.5723893194694911
-1.5328020240451306,-0.572625522630247
-1.5345832273567674,-0.5718721836102142
-1.5362926058957733,-0.5721353695329803
-1.537475328769502,-0.5724586492044943
-1.5393005534803672,-0.5727756461141328
-1.5410898161425317,-0.5731048688012732
-1.5421942130278226,-0.5732221810769018
-1.5439703130313738,-0.572398303496599
-1.545688533239148,-0.5720613659519566
-1.5471848001537647,-0.5721170991858323
-1.5486093164261108,-0.5719938426003339
-1.5506194238556048,-0.5722783207119233
-1.5516736087157548,-0.5724242479669246
-1.5548083782964885,-0.575175684726764
-1.5553304723938415,-0.5751400005941828
-1.5579221568628887,-0.5754477061186191
-1.5588399145658929,-0.5751890461594393
-1.5595734321842367,-0.5752031069246855
-1.5618782886415576,-0.5740301462153246
-1.563056029501108,-0.5740034095683201
-1.5646202963322988,-0.5741835638676432
-1.5656577964398424,-0.5742856855343071
-1.5670340022164748,-0.5740630885194001
-1.5681322011286996,-0.5740400116331813
-1.5688317171440942,-0.5737515029350222
-1.5727059149580902,-0.5720338442347596
